{"stats":{"minecraft:killed_by":{"minecraft:zombie":1},"minecraft:custom":{"minecraft:jump":123,"minecraft:time_since_rest":8,"minecraft:leave_game":1,"minecraft:crouch_one_cm":2584,"minecraft:deaths":1,"minecraft:play_time":8894,"minecraft:sprint_one_cm":4179,"minecraft:damage_taken":230,"minecraft:time_since_death":0,"minecraft:walk_one_cm":11487,"minecraft:sneak_time":607,"minecraft:total_world_time":8894,"minecraft:fall_one_cm":4997,"minecraft:fly_one_cm":11857},"minecraft:mined":{"minecraft:birch_leaves":2}},"DataVersion":3465}